auction_player_name,matched_stats_player_name,match_score
Abdul Samad,Abdul Samad,100
Abhishek Sharma,Abhishek Sharma,100
Akash Deep,Akash Deep,100
Aman Khan,Kamran Khan,90
Ankit Sharma,Ankit Sharma,100
Anmolpreet Singh,Anmolpreet Singh,100
Anuj Rawat,Anuj Rawat,100
Anureet Singh,Anureet Singh,100
Arshdeep Singh,Arshdeep Singh,100
Ashish Reddy,A Ashish Reddy,92
Avesh Khan,Avesh Khan,100
B. Sai Sudharsan,B Sai Sudharsan,100
Basil Thampi,Basil Thampi,100
Ben Laughlin,B Laughlin,91
Bipul Sharma,Bipul Sharma,100
Faf Du Plessis,F du Plessis,92
Fazalhaq Farooqi,Fazalhaq Farooqi,100
Harbhajan Singh,Harbhajan Singh,100
Harpreet Brar,Harpreet Brar,100
Imran Tahir,Imran Tahir,100
Iqbal Abdullah,Iqbal Abdulla,96
Ishan Kishan,Ishan Kishan,100
J Suchith,J Suchith,100
Jaskaran Singh,Jaskaran Singh,100
K.S. Bharat,KS Bharat,95
Karanveer Singh,Karanveer Singh,100
Kartik Tyagi,Kartik Tyagi,100
KL Rahul,KL Rahul,100
Kuldeep Yadav,Kuldeep Yadav,100
Lalit Yadav,Lalit Yadav,100
M. Ashwin,M Ashwin,100
Washington Sundar,Washington Sundar,100
Mandeep Singh,Mandeep Singh,100
Mohammad Nabi,Mohammad Nabi,100
Mohammad Shami,Mohammed Shami,93
Mohammed Siraj,Mohammed Siraj,100
Mohsin Khan,Mohsin Khan,100
Mukesh Choudhary,Mukesh Choudhary,100
Mustafizur Rahman,Mustafizur Rahman,100
N Jagadeesan,N Jagadeesan,100
N. Jagadeesan,N Jagadeesan,100
N. Tilak Varma,Tilak Varma,92
Navdeep Saini,Navdeep Saini,100
Pankaj Singh,Pankaj Singh,100
Parveez Rasool,Parvez Rasool,96
Prasidh Krishna,M Prasidh Krishna,94
R. Ashwin,R Ashwin,100
R. Sanjay Yadav,R Sanjay Yadav,100
Ramandeep Singh,Ramandeep Singh,100
Ravi Bishnoi,Ravi Bishnoi,100
Ryan Ten Doeschate,RN ten Doeschate,94
Sachin Baby,Sachin Baby,100
Sam Curran,SM Curran,95
Sandeep Sharma,Sandeep Sharma,100
Sanjay Yadav,R Sanjay Yadav,92
Sean Abbott,SA Abbott,90
Shahrukh Khan,M Shahrukh Khan,93
Shakib Al Hasan,Shakib Al Hasan,100
Shashank Singh,Shashank Singh,100
Shivam Mavi,Shivam Mavi,100
Shivam Sharma,Shivam Sharma,100
Shubman Gill,Shubman Gill,100
Simarjeet Singh,Simarjeet Singh,100
Swapnil Singh,Swapnil Singh,100
T Natarajan,T Natarajan,100
T. Natarajan,T Natarajan,100
Veer Pratap Singh,V Pratap Singh,90
Venugopal Rao,Y Venugopal Rao,93
Virat Singh,Virat Singh,100
Vishnu Vinod,Vishnu Vinod,100
Yash Dayal,Yash Dayal,100
Yuvraj Singh,Yuvraj Singh,100
