auction_player_name,matched_stats_player_name,match_score,is_correct
Aaron Finch,AJ Finch,74,Yes
Abhijeet Tomar,A Tomar,67,Yes
Abhimanyu Mithun,A Mithun,67,Yes
Abhishek Nayar,Abhishek Sharma,76,No
Adam Milne,AF Milne,78,Yes
Adam Zampa,A Zampa,82,Yes
Aditya Tare,AP Tare,67,Yes
Aiden Blizzard,AC Blizzard,80,Yes
Aiden Markram,AK Markram,78,Yes
Ajantha Mendis,BMAJ Mendis,72,No
Ajinkya Rahane,AM Rahane,70,Yes
Akash Singh,Pankaj Singh,78,No
Akila Dananjaya,A Dananjaya,85,Yes
Akila Dhananjaya,A Dananjaya,81,Yes
Akshdeep Nath,Arshdeep Singh,74,No
Albie Morkel,JA Morkel,76,Yes
Alex Carey,AT Carey,78,Yes
Alex Hales,AD Hales,78,Yes
Alzarri Joseph,AS Joseph,70,Yes
Ambati Rayudu,AT Rayudu,82,Yes
Amit Mishra,A Mishra,84,Yes
Amit Paunikar,AG Paunikar,83,Yes
Andre Russell,AD Russell,87,Yes
Andrew Tye,AJ Tye,62,Yes
Aneeshwar Gautam,Sandeep Sharma,60,No
Angelo Mathews,AD Mathews,75,Yes
Aniket Choudhary,A Choudhary,81,Yes
Anirudha Ashok Joshi,S Anirudha,67,No
Ankeet Bawane,AR Bawne,67,Yes
Ankit Nagendra Sharma,Ankit Sharma,73,Yes
Ankit Singh Rajpoot,Pankaj Singh,71,No
Anrich Nortje,A Nortje,76,Yes
Ansh Patel,AR Patel,78,Yes
Anukul Roy,AS Roy,62,Yes
Anunay Singh,Pankaj Singh,75,No
Arjun Tendulkar,SR Tendulkar,81,No
Aryan Juyal,A Uniyal,63,No
Ashish Nehra,A Nehra,74,Yes
Ashok Dinda,AB Dinda,74,Yes
Ashok Sharma,Abhishek Sharma,81,No
Ashton Turner,AJ Turner,73,Yes
Ashwin Hebbar,R Ashwin,76,No
Asif K M,M Kaif,71,No
Axar Rajesh Patel,AR Patel,64,Yes
Ayush Badoni,A Badoni,80,Yes
Baba Indrajith,B Indrajith,88,Yes
Baltej Dhanda,A Chandila,61,No
Barinder Singh Saran,Jaskaran Singh,71,No
Barinder Singh Sran,Karanveer Singh,65,No
Ben Cutting,BCJ Cutting,82,Yes
Ben Dunk,BR Dunk,80,Yes
Ben Dwarshuis,FH Edwards,61,No
Benjamin Stokes,BA Stokes,75,Yes
Beuran Hendricks,BE Hendricks,86,Yes
Bhanuka Rajapaksa,PBB Rajapaksa,73,Yes
Billy Stanlake,B Stanlake,83,Yes
Brad Hodge,BJ Hodge,78,Yes
Brad Hogg,GB Hogg,75,Yes
Brendan Taylor,JE Taylor,70,No
Brendon McCullum,BB McCullum,74,Yes
C.M. Gautam,CM Gautam,84,Yes
Carlos Brathwaite,CR Brathwaite,87,Yes
Chaitanya Bishnoi,Ravi Bishnoi,69,No
Chama Milind,AF Milne,60,No
Chetan Sakariya,C Sakariya,80,Yes
Cheteshwar Pujara,CA Pujara,69,Yes
Chris Green,RJ Harris,60,No
Chris Jordan,CJ Jordan,76,Yes
Chris Lynn,CA Lynn,71,Yes
Chris Woakes,CR Woakes,86,Yes
Christopher Gayle,CH Gayle,64,Yes
Christopher Morris,CH Morris,67,Yes
Clinton McKay,CJ McKay,67,Yes
Colin De Grandhomme,C de Grandhomme,88,Yes
Colin Ingram,CA Ingram,76,Yes
Colin Munro,C Munro,78,Yes
Corey Anderson,CJ Anderson,80,Yes
Dale Steyn,DW Steyn,78,Yes
Dan Christian,DT Christian,88,Yes
Daniel Christian,DT Christian,79,Yes
Daniel Sams,DR Sams,67,Yes
Darcy Short,DJM Short,70,Yes
Darren Bravo,DJ Bravo,70,Yes
Darren Sammy,DJG Sammy,67,Yes
Daryl Mitchell,DJ Mitchell,80,Yes
David Miller,DA Miller,86,Yes
David Warner,DA Warner,86,Yes
David Wiese,D Wiese,78,Yes
David Willey,DJ Willey,76,Yes
Dawid Malan,DJ Malan,74,Yes
Debabrata Das,AB Barath,64,No
Deepak Chahar,DL Chahar,73,Yes
Deepak Hooda,DJ Hooda,70,Yes
Deepak Punia,AG Paunikar,61,No
Devdutt Padikkal,D Padikkal,77,Yes
Devon Conway,DP Conway,76,Yes
Dewald Brevis,D Brevis,76,Yes
Dhawal Kulkarni,DS Kulkarni,77,Yes
Dhruv Shorey,DR Shorey,86,Yes
Dinesh Karthik,KB Arun Karthik,62,No
Dinesh Salunkhe,D Salunkhe,80,Yes
Dirk Nannes,DP Nannes,80,Yes
Dishant Yagnik,DH Yagnik,78,Yes
Domnic Joseph Muthuswamy,DJ Muthuswami,65,Yes
Dushmanta Chameera,PVD Chameera,67,Yes
Dushmantha Chameera,PVD Chameera,65,Yes
Dwaine Pretorius,D Pretorius,81,Yes
Dwayne Bravo,DJ Bravo,70,Yes
Dwayne Smith,DR Smith,70,Yes
Eklavya Dwivedi,ER Dwivedi,72,Yes
Eoin Morgan,EJG Morgan,76,Yes
Evin Lewis,E Lewis,82,Yes
Fabian Allen,FA Allen,80,Yes
Farhaan Behardien,F Behardien,79,Yes
Fidel Edwards,FH Edwards,78,Yes
Finn Allen,FA Allen,78,Yes
Gautam Gambhir,CM Gautam,70,No
George Bailey,GJ Bailey,73,Yes
Glenn Maxwell,GJ Maxwell,78,Yes
Glenn Phillips,GD Phillips,80,Yes
Gurinder Sandhu,Gurkeerat Singh,60,No
Gurkeerat Singh Mann,Gurkeerat Singh,86,Yes
Hanuma Vihari,GH Vihari,73,Yes
Hardik Pandya,HH Pandya,73,Yes
Hardus Viljoen,GC Viljoen,67,No
Harry Gurney,HF Gurney,76,Yes
Harshal Patel,AR Patel,76,No
Heinrich Klaasen,H Klaasen,72,Yes
Himmat Singh,Simarjeet Singh,74,No
Hrithik Shokeen,HR Shokeen,80,Yes
HS Sharath,KS Sharma,74,No
Irfan Pathan,IK Pathan,76,Yes
Ishan Porel,JA Morkel,60,No
Ishank Jaggi,IR Jaggi,70,Yes
Ishant Sharma,Ankit Sharma,80,Yes
Isuru Udana,I Udana,78,Yes
Jacob Oram,JDP Oram,67,Yes
Jacques Kallis,JH Kallis,70,Yes
Jagadeesha Suchith,J Suchith,67,Yes
James Faulkner,JP Faulkner,80,Yes
James Neesham,JDS Neesham,83,Yes
Jason Holder,JO Holder,86,Yes
Jason Roy,AS Roy,80,Yes
Jasprit Bumrah,JJ Bumrah,70,Yes
Jatin Saxena,M Jansen,60,No
Jayant Yadav,J Yadav,74,Yes
Jaydev Shah,OA Shah,67,No
Jaydev Unadkat,JD Unadkat,83,Yes
Jean-Paul Duminy,JP Duminy,72,Yes
Jeevan Mendis,BAW Mendis,70,No
Jesse Ryder,JD Ryder,74,Yes
Jhye Richardson,JA Richardson,86,Yes
Jitesh Sharma,I Sharma,76,No
Joe Denly,JL Denly,82,Yes
Joel Paris,JL Pattinson,64,No
Jofra Archer,JC Archer,76,No
Johan Botha,J Botha,78,Yes
John Hastings,A Singh,60,No
Jonny Bairstow,JM Bairstow,80,Yes
Jos Buttler,JC Buttler,86,Yes
Josh Hazlewood,JR Hazlewood,85,Yes
Joshua Philippe,JR Philippe,77,Yes
Juan Theron,J Theron,84,Yes
Krishnappa Gowtham,K Gowtham,67,Yes
K.Bhagath Varma,Tilak Varma,62,No
K.C Cariappa,KC Cariappa,87,Yes
K.C. Cariappa,KC Cariappa,87,Yes
K.M. Asif,M Kaif,71,No
Kagiso Rabada,K Rabada,76,Yes
Kamlesh Nagarkoti,KL Nagarkoti,83,Yes
Kane Richardson,JA Richardson,86,Yes
Kane Williamson,KS Williamson,86,Yes
Kanishk Seth,S Kaushik,67,No
Karan Sharma,R Sharma,80,Yes
Karn Sharma,R Sharma,84,Yes
Karun Nair,KK Nair,71,Yes
Kedar Jadhav,KM Jadhav,76,Yes
Keemo Paul,KMA Paul,78,Yes
Kevin Pietersen,KP Pietersen,81,Yes
Kevon Cooper,KK Cooper,76,Yes
Kieron Pollard,KA Pollard,75,Yes
Kona Srikar Bharat,KS Bharat,67,Yes
Krunal Pandya,KH Pandya,73,Yes
Kshitiz Sharma,KS Sharma,78,Yes
Kuldeep Sen,Kuldeep Yadav,67,No
Kuldip Yadav,Kuldeep Yadav,88,Yes
Kusal Janith Perera,NLTC Perera,60,Yes
Kyle Abbott,KJ Abbott,80,Yes
Kyle Jamieson,KA Jamieson,83,Yes
Lakshmipathy Balaji,AA Bilakhia,60,No
Lasith Malinga,Harshit Rana,62,No
Laxmi Ratan Shukla,LR Shukla,67,Yes
Liam Livingstone,LS Livingstone,73,Yes
Lockie Ferguson,LH Ferguson,77,Yes
Luke Pomersbach,LA Pomersbach,86,Yes
M Siddharth,DJM Short,60,No
Maheesh Theekshana,M Theekshana,80,Yes
Mahipal Lomror,MK Lomror,70,Yes
Manan Ajay Sharma,JM Sharma,69,No
Manan Vohra,M Vohra,78,Yes
Mandeep Hardev Singh,Ramandeep Singh,80,Yes
Manish Pandey,IC Pandey,73,No
Manjot Kalra,Kamran Khan,61,No
Manoj Tiwary,MK Tiwary,76,Yes
Manpreet Gony,MS Gony,60,Yes
Manprit Juneja,MC Juneja,70,Yes
Manvinder Bisla,MS Bisla,61,Yes
Manzoor Dar,A Manohar,70,No
Marchant De Lange,M de Lange,74,Yes
Marco Jansen,M Jansen,80,Yes
Marcus Stoinis,MP Stoinis,75,Yes
Mark Wood,MA Wood,88,Yes
Martin Guptill,MJ Guptill,75,Yes
Matthew Wade,MS Wade,63,Yes
Mayank Agarwal,MA Agarwal,83,Yes
Mayank Dagar,DR Martyn,67,No
Mayank Markande,M Markande,64,Yes
Mayank Yadav,K Yadav,74,No
Michael Clarke,MJ Clarke,70,Yes
Michael Hussey,MEK Hussey,75,Yes
Midhun S,A Mithun,62,No
Milind Kumar,R Vinay Kumar,64,No
Mitchell Johnson,DJ Mitchell,74,No
Mitchell Marsh,DJ Mitchell,72,No
Mitchell McClenaghan,MJ McClenaghan,76,Yes
Mitchell Santner,MJ Santner,69,Yes
Mitchell Starc,DJ Mitchell,64,No
Mithun Manhas,A Mithun,76,No
Moeen Ali,MM Ali,67,Yes
Mohammed Azharudeen,Mohammad Hafeez,71,No
Mohd. Arshad Khan,Avesh Khan,62,No
Mohit Sharma,I Sharma,80,No
Moises Henriques,MC Henriques,79,Yes
Monu Singh,A Singh,71,No
Morne Morkel,RG More,63,No
Mujeeb Zadran,Mujeeb Ur Rahman,69,Yes
Munaf Patel,AR Patel,74,No
Murali Kartik,M Kartik,76,Yes
Murali Vijay,M Vijay,74,Yes
Murugan Ashwin,M Ashwin,73,Yes
Muttiah Muralitharan,M Muralitharan,71,Yes
Naman Ojha,A Manohar,74,No
Nathan Coulter-Nile,NM Coulter-Nile,71,Yes
Nathan Ellis,NT Ellis,80,Yes
Nathan McCullum,NL McCullum,77,Yes
Nathu Singh,A Singh,78,Yes
Nic Maddinson,NJ Maddinson,88,Yes
Nicolas Pooran,N Pooran,73,Yes
Nitish Rana,N Rana,71,Yes
Noor Ahmad,AN Ahmed,67,Yes
Obed Mccoy,OC McCoy,78,Yes
Odean Smith,DR Smith,74,No
Oshane Thomas,AC Thomas,73,No
Pankaj Jaswal,YBK Jaiswal,67,No
Paras Dogra,P Dogra,78,Yes
Pardeep Sahu,Arshdeep Singh,69,No
Parthiv Patel,AR Patel,76,Yes
Parvinder Awana,P Awana,64,Yes
Pat Cummins,PJ Cummins,86,Yes
Pavan Deshpande,TU Deshpande,74,No
Pawan Negi,P Negi,75,Yes
Pawan Suyal,A Uniyal,63,No
Peter Handscomb,PSP Handscomb,79,Yes
Philip Hughes,GD Phillips,67,No
Piyush Chawla,PP Chawla,73,Yes
Prabhsimran Singh,P Simran Singh,84,Yes
Pradeep Sangwan,PJ Sangwan,72,Yes
Pragyan Ojha,PP Ojha,63,Yes
Prasanth Parameswaran,P Parameswaran,69,Yes
Prashant Chopra,P Chopra,70,Yes
Prashant Solanki,Ankit Soni,62,No
Pratham Singh,V Pratap Singh,81,No
Pratyush Singh,V Pratap Singh,71,No
Praveen Dubey,P Dubey,70,Yes
Praveen Kumar,P Kumar,70,Yes
Pravin Dubey,P Dubey,74,Yes
Pravin Tambe,PV Tambe,80,Yes
Prayas Ray Barman,P Ray Barman,83,Yes
Prerak Mankad,PN Mankad,73,Yes
Prithvi Raj Yarra,Y Prithvi Raj,87,Yes
Prithvi Shaw,Y Prithvi Raj,72,No
Priyam Garg,PK Garg,67,Yes
Quinton De Kock,Q de Kock,75,Yes
R Samarth,DR Smith,71,No
R. Sai Kishore,Ravi Bishnoi,64,No
Rahul Ajay Tripathi,RA Tripathi,73,Yes
Rahul Buddhi,KL Rahul,60,No
Rahul Chahar,DL Chahar,76,No
Rahul Sharma,R Sharma,80,Yes
Rahul Shukla,R Shukla,80,Yes
Rahul Tewatia,R Tewatia,82,Yes
Rahul Tripathi,RA Tripathi,88,Yes
Raj Angad Bawa,RA Bawa,67,Yes
Rajagopal Sathish,R Sathish,69,Yes
Rajat Bhatia,R Bhatia,80,Yes
Rajat Patidar,RM Patidar,78,Yes
Ramesh Kumar,PM Sarvesh Kumar,71,No
Ranganath Vinay Kumar,R Vinay Kumar,76,Yes
Rashid Khan Arman,Rashid Khan,79,Yes
Rasikh Dar,DR Smith,67,No
Rassie Van Der Dussen,HE van der Dussen,84,Yes
Ravi Bopara,RS Bopara,80,Yes
Ravi Rampaul,R Rampaul,67,Yes
Ricky Bhui,RK Bhui,82,Yes
Ricky Ponting,RT Ponting,78,Yes
Riley Meredith,RP Meredith,80,Yes
Rinku Singh,RK Singh,84,Yes
Ripal Patel,RV Patel,74,Yes
Rishabh Pant,OA Shah,63,No
Rishi Dhawan,R Dhawan,80,Yes
Riyan Parag,R Parag,78,Yes
Robin Uthappa,RV Uthappa,78,Yes
Romario Shepherd,R Shepherd,77,Yes
Ronit More,RG More,71,Yes
Ross Taylor,LRPL Taylor,73,Yes
Rovman Powell,R Powell,76,Yes
Rudra Pratap Singh,V Pratap Singh,75,No
Ruturaj Gaikwad,RD Gaikwad,72,Yes
Ryan McLaren,R McLaren,86,Yes
Sachin Rana,Sachin Baby,73,No
Sagar Trivedi,SK Trivedi,78,Yes
Sam Billings,SW Billings,87,Yes
Samuel Badree,S Badree,76,Yes
Sandeep Bavanaka,Akash Deep,62,No
Sandeep Lamichhane,S Lamichhane,80,Yes
Sandeep Warrier,Sandeep Sharma,69,No
Sanju Samson,SV Samson,76,Yes
Sarabjit Ladda,S Ladda,67,Yes
Sarfaraz Khan,Z Khan,63,No
Saurabh Dubey,S Dube,63,Yes
Saurabh Kumar,PM Sarvesh Kumar,69,No
Saurabh Tiwary,SS Tiwary,70,Yes
Sayan Ghosh,HH Pandya,60,No
Scott Boland,SE Bond,63,No
Shadab Jakati,SB Jakati,82,Yes
Shahbaz Ahamad,Shahbaz Ahmed,89,Yes
Shahbaz Nadeem,Shahbaz Ahmed,74,No
Shane Watson,SR Watson,76,Yes
Sharad Lumba,JM Sharma,67,No
Shardul Thakur,SN Thakur,70,Yes
Shaun Marsh,SE Marsh,74,Yes
Sheldon Cottrell,SS Cottrell,74,Yes
Sheldon Jackson,SP Jackson,72,Yes
Sherfane Rutherford,SE Rutherford,81,Yes
Shikhar Dhawan,R Dhawan,73,Yes
Shimron Hetmyer,SO Hetmyer,80,Yes
Shishir Bhavane,Harbhajan Singh,60,No
Shivam Dube,S Dube,71,Yes
Shivil Kaushik,S Kaushik,78,Yes
Shreevats Goswami,SP Goswami,67,Yes
Shreyas Gopal,S Gopal,70,Yes
Shreyas Iyer,SS Iyer,74,Yes
Shubam Agrawal,MA Agarwal,67,No
Shubham Garhwal,MA Agarwal,64,No
Siddarth Kaul,S Kaul,63,Yes
Siddharth Kaul,S Kaul,60,Yes
Srikkanth Anirudha,Anirudh Singh,77,No
Steven Smith,SPD Smith,67,Yes
Stuart Binny,STR Binny,86,Yes
Subramaniam Badrinath,S Badrinath,69,Yes
Sudeep Tyagi,S Tyagi,74,Yes
Sumit Narwal,S Narwal,80,Yes
Suryakumar Yadav,SA Yadav,67,Yes
Suyash Prabhudesai,SS Prabhudessai,85,Yes
Suyash Prabhudessai,SS Prabhudessai,88,Yes
Syed Khaleel Ahmed,AD Hales,62,No
Tanmay Agarwal,MA Agarwal,83,No
Tanmay Mishra,Mashrafe Mortaza,62,No
Tejas Baroka,DB Ravi Teja,67,No
Tejas Singh Baroka,RK Singh,62,No
Thisara Perera,RR Sarwan,61,No
Tim David,TH David,82,Yes
Tim Seifert,TL Seifert,86,Yes
Tim Southee,TG Southee,86,Yes
Tom Banton,T Banton,89,Yes
Tom Curran,SM Curran,84,No
Travis Head,TM Head,67,Yes
Trent Boult,TA Boult,74,Yes
Tushar Deshpande,TU Deshpande,86,Yes
Tymal Mills,TS Mills,74,Yes
Umang Sharma,Shivam Sharma,64,No
Umesh Yadav,AS Yadav,74,No
Unmukt Chand,UBT Chand,76,Yes
Utkarsh Singh,Yashpal Singh,69,No
Vaibhav Arora,VG Arora,67,Yes
Varun Aaron,VR Aaron,84,Yes
Vijay Shankar,V Shankar,82,Yes
Vijay Zol,VH Zol,67,Yes
Vikas Tokas,S Kaushik,60,Yes
Virender Sehwag,V Sehwag,70,Yes
Wayne Parnell,WD Parnell,78,Yes
Yash Dhull,YA Abdulla,70,No
Yashasvi Jaiswal,YBK Jaiswal,67,Yes
Yogesh Takawale,YV Takawale,77,Yes
Yusuf Pathan,YK Pathan,76,Yes
Yuzvendra Chahal,YS Chahal,64,Yes
Yuzvendra Singh Chahal,Yuvraj Singh,65,No
Zaheer Khan,Z Khan,71,Yes
